{"meta":{"producer":"detect_manchas_gui_rtsp","version":"1.0","timestamp":"2026-01-30T08:08:14.367+00:00","frames_total":234,"fps_estimate":6.23,"line_speed_mpm":0.0},"window_short":{"duration_sec":3.0,"total_detections":423,"major_events":423,"defect_rate":141.0,"low_conf_ratio":0.2907801418439716,"classes":{"Extremo":{"count":152,"conf_avg":0.9483546206825658,"area_avg":615951.0065789474,"area_max":876968.0,"area_avg_cm2":18668.37369612747,"area_max_cm2":26496.349433188338},"No Plancha":{"count":76,"conf_avg":0.8015457956414473,"area_avg":167289.11842105264,"area_max":168742.0,"area_avg_cm2":4463.8127686577955,"area_max_cm2":4502.580331095},"Mancha":{"count":195,"conf_avg":0.3695894681490385,"area_avg":3443.3641025641027,"area_max":9047.0,"area_avg_cm2":142.939308100288,"area_max_cm2":377.7790034633626}},"sectors":{"2":{"Mancha":{"count":195,"conf_avg":0.3695894681490385,"area_avg":3443.3641025641027,"area_avg_cm2":142.939308100288,"area_max_cm2":377.7790034633626}}},"trend_vs_long":"rising"},"window_long":{"duration_sec":30.0,"total_detections":1259,"major_events":1259,"defect_rate":41.96666666666667,"low_conf_ratio":0.2930897537728356,"classes":{"Mancha":{"count":566,"conf_avg":0.36795324318821776,"area_avg":4570.680212014135,"area_max":23064.0,"area_avg_cm2":184.5893091480583,"area_max_cm2":1062.7702378005097},"Extremo":{"count":462,"conf_avg":0.9468344155844156,"area_avg":615423.3246753247,"area_max":876968.0,"area_avg_cm2":18673.210367473795,"area_max_cm2":26530.193576544913},"No Plancha":{"count":231,"conf_avg":0.8014978185876623,"area_avg":168041.57142857142,"area_max":170336.0,"area_avg_cm2":4483.890639678218,"area_max_cm2":4545.11338776}},"sectors":{"0":{"Mancha":{"count":27,"conf_avg":0.16234447337962962,"area_avg":11905.62962962963,"area_avg_cm2":322.1043271762429,"area_max_cm2":439.0443792177468}},"4":{"Mancha":{"count":5,"conf_avg":0.2640625,"area_avg":3959.2,"area_avg_cm2":124.35885051581249,"area_max_cm2":607.14796911975}},"2":{"Mancha":{"count":506,"conf_avg":0.38024769658627716,"area_avg":4300.126482213439,"area_avg_cm2":183.11148813635333,"area_max_cm2":1062.7702378005097}}}},"stats_short":{"Extremo":{"count":152,"conf_avg":0.9483546206825658,"area_avg":615951.0065789474,"area_max":876968.0,"area_avg_cm2":18668.37369612747,"area_max_cm2":26496.349433188338},"No Plancha":{"count":76,"conf_avg":0.8015457956414473,"area_avg":167289.11842105264,"area_max":168742.0,"area_avg_cm2":4463.8127686577955,"area_max_cm2":4502.580331095},"Mancha":{"count":195,"conf_avg":0.3695894681490385,"area_avg":3443.3641025641027,"area_max":9047.0,"area_avg_cm2":142.939308100288,"area_max_cm2":377.7790034633626}},"stats_long":{"Mancha":{"count":566,"conf_avg":0.36795324318821776,"area_avg":4570.680212014135,"area_max":23064.0,"area_avg_cm2":184.5893091480583,"area_max_cm2":1062.7702378005097},"Extremo":{"count":462,"conf_avg":0.9468344155844156,"area_avg":615423.3246753247,"area_max":876968.0,"area_avg_cm2":18673.210367473795,"area_max_cm2":26530.193576544913},"No Plancha":{"count":231,"conf_avg":0.8014978185876623,"area_avg":168041.57142857142,"area_max":170336.0,"area_avg_cm2":4483.890639678218,"area_max_cm2":4545.11338776}},"stability_info":{"seconds_since_last_major":0.020357847213745117,"continuous_major_duration":9.648857355117798,"last_major_class":"Mancha"},"recent_critical_events":[{"ts":"2026-01-30T08:08:14.347+00:00","cls":"Mancha","area":399.0,"relative_area":0.00019241898148148148,"confidence":0.07861328125,"model":"M2","center_norm":[0.6802083333333333,0.75],"area_cm2":15.993587383593747},{"ts":"2026-01-30T08:08:14.347+00:00","cls":"Mancha","area":8125.0,"relative_area":0.003918306327160494,"confidence":0.2078857421875,"model":"M2","center_norm":[0.64375,0.7791666666666667],"area_cm2":340.13314171801755},{"ts":"2026-01-30T08:08:14.347+00:00","cls":"No Plancha","area":165746.0,"relative_area":0.07993152006172839,"confidence":0.80029296875,"model":"M1","center_norm":[0.49609375,0.05462962962962963],"area_cm2":4422.637396485},{"ts":"2026-01-30T08:08:14.347+00:00","cls":"Extremo","area":356693.0,"relative_area":0.17201630015432098,"confidence":0.9326171875,"model":"M1","center_norm":[0.86640625,0.5365740740740741],"area_cm2":10858.36106683419},{"ts":"2026-01-30T08:08:14.347+00:00","cls":"Extremo","area":874055.0,"relative_area":0.4215157214506173,"confidence":0.966796875,"model":"M1","center_norm":[0.2359375,0.5305555555555556],"area_cm2":26445.254968781082},{"ts":"2026-01-30T08:08:14.308+00:00","cls":"Mancha","area":398.0,"relative_area":0.00019193672839506174,"confidence":0.2386474609375,"model":"M2","center_norm":[0.6802083333333333,0.75],"area_cm2":15.953503204687497},{"ts":"2026-01-30T08:08:14.308+00:00","cls":"Mancha","area":8204.0,"relative_area":0.003956404320987654,"confidence":0.373046875,"model":"M2","center_norm":[0.64375,0.7796296296296297],"area_cm2":343.6791909972751},{"ts":"2026-01-30T08:08:14.308+00:00","cls":"No Plancha","area":165746.0,"relative_area":0.07993152006172839,"confidence":0.80029296875,"model":"M1","center_norm":[0.49609375,0.05462962962962963],"area_cm2":4422.637396485},{"ts":"2026-01-30T08:08:14.308+00:00","cls":"Extremo","area":356693.0,"relative_area":0.17201630015432098,"confidence":0.9326171875,"model":"M1","center_norm":[0.86640625,0.5365740740740741],"area_cm2":10858.36106683419},{"ts":"2026-01-30T08:08:14.308+00:00","cls":"Extremo","area":874055.0,"relative_area":0.4215157214506173,"confidence":0.966796875,"model":"M1","center_norm":[0.2359375,0.5305555555555556],"area_cm2":26445.254968781082}]}