{"meta":{"producer":"detect_manchas_gui_rtsp","version":"1.0","timestamp":"2026-01-30T08:13:04.093+00:00","frames_total":6046,"fps_estimate":21.85,"line_speed_mpm":0.0},"window_short":{"duration_sec":3.0,"total_detections":376,"major_events":376,"defect_rate":125.33333333333333,"low_conf_ratio":0.35106382978723405,"classes":{"Extremo":{"count":148,"conf_avg":0.946262668918919,"area_avg":613308.2972972973,"area_max":872703.0,"area_avg_cm2":18651.35619306324,"area_max_cm2":26464.61830460676},"No Plancha":{"count":74,"conf_avg":0.8215727934966216,"area_avg":169716.63513513515,"area_max":171859.0,"area_avg_cm2":4528.58673726213,"area_max_cm2":4585.7519356275},"Mancha":{"count":154,"conf_avg":0.28685136274857953,"area_avg":10646.987012987012,"area_max":15818.0,"area_avg_cm2":332.8575392961837,"area_max_cm2":424.2384579812413}},"sectors":{"0":{"Mancha":{"count":74,"conf_avg":0.25576617266680746,"area_avg":15277.932432432432,"area_avg_cm2":409.68794452486577,"area_max_cm2":424.2384579812413}},"2":{"Mancha":{"count":80,"conf_avg":0.31560516357421875,"area_avg":6363.3625,"area_avg_cm2":261.7894144596526,"area_max_cm2":394.1253643443187}}},"trend_vs_long":"stable"},"window_long":{"duration_sec":30.0,"total_detections":3603,"major_events":3603,"defect_rate":120.1,"low_conf_ratio":0.34388009991673607,"classes":{"Extremo":{"count":1472,"conf_avg":0.9466005408245585,"area_avg":613456.3342391305,"area_max":878914.0,"area_avg_cm2":18650.83548128726,"area_max_cm2":26579.869178038767},"No Plancha":{"count":736,"conf_avg":0.819751905358356,"area_avg":169095.65489130435,"area_max":172742.0,"area_avg_cm2":4512.016983247873,"area_max_cm2":4609.313221095},"Mancha":{"count":1395,"conf_avg":0.28756895441308244,"area_avg":11645.8458781362,"area_max":17182.0,"area_avg_cm2":365.69351264257074,"area_max_cm2":460.9168116600866}},"sectors":{"0":{"Mancha":{"count":734,"conf_avg":0.2824376077677963,"area_avg":15013.953678474114,"area_avg_cm2":402.6110086028895,"area_max_cm2":460.9168116600866}},"2":{"Mancha":{"count":658,"conf_avg":0.2942584655205167,"area_avg":7941.507598784195,"area_avg_cm2":326.1646017537541,"area_max_cm2":419.5567227033106}},"4":{"Mancha":{"count":3,"conf_avg":0.0758056640625,"area_avg":67.0,"area_avg_cm2":3.2206226316046873,"area_max_cm2":3.6051745876171872}}}},"stats_short":{"Extremo":{"count":148,"conf_avg":0.946262668918919,"area_avg":613308.2972972973,"area_max":872703.0,"area_avg_cm2":18651.35619306324,"area_max_cm2":26464.61830460676},"No Plancha":{"count":74,"conf_avg":0.8215727934966216,"area_avg":169716.63513513515,"area_max":171859.0,"area_avg_cm2":4528.58673726213,"area_max_cm2":4585.7519356275},"Mancha":{"count":154,"conf_avg":0.28685136274857953,"area_avg":10646.987012987012,"area_max":15818.0,"area_avg_cm2":332.8575392961837,"area_max_cm2":424.2384579812413}},"stats_long":{"Extremo":{"count":1472,"conf_avg":0.9466005408245585,"area_avg":613456.3342391305,"area_max":878914.0,"area_avg_cm2":18650.83548128726,"area_max_cm2":26579.869178038767},"No Plancha":{"count":736,"conf_avg":0.819751905358356,"area_avg":169095.65489130435,"area_max":172742.0,"area_avg_cm2":4512.016983247873,"area_max_cm2":4609.313221095},"Mancha":{"count":1395,"conf_avg":0.28756895441308244,"area_avg":11645.8458781362,"area_max":17182.0,"area_avg_cm2":365.69351264257074,"area_max_cm2":460.9168116600866}},"stability_info":{"seconds_since_last_major":0.0053501129150390625,"continuous_major_duration":100.15971040725708,"last_major_class":"Mancha"},"recent_critical_events":[{"ts":"2026-01-30T08:13:04.087+00:00","cls":"Mancha","area":15345.0,"relative_area":0.007400173611111111,"confidence":0.2440185546875,"model":"M2","center_norm":[0.4747395833333333,0.3416666666666667],"area_cm2":411.51042602303903},{"ts":"2026-01-30T08:13:04.087+00:00","cls":"Mancha","area":5213.0,"relative_area":0.002513985339506173,"confidence":0.3056640625,"model":"M2","center_norm":[0.6328125,0.775],"area_cm2":216.86970094499534},{"ts":"2026-01-30T08:13:04.087+00:00","cls":"No Plancha","area":168992.0,"relative_area":0.08149691358024691,"confidence":0.8193359375,"model":"M1","center_norm":[0.49609375,0.05555555555555555],"area_cm2":4509.2511367199995},{"ts":"2026-01-30T08:13:04.087+00:00","cls":"Extremo","area":355789.0,"relative_area":0.17158034336419753,"confidence":0.93017578125,"model":"M1","center_norm":[0.86640625,0.538425925925926],"area_cm2":10851.533786653552},{"ts":"2026-01-30T08:13:04.087+00:00","cls":"Extremo","area":870475.0,"relative_area":0.4197892554012346,"confidence":0.95947265625,"model":"M1","center_norm":[0.23567708333333334,0.5337962962962963],"area_cm2":26423.577864304007},{"ts":"2026-01-30T08:13:04.039+00:00","cls":"Mancha","area":15401.0,"relative_area":0.007427179783950617,"confidence":0.1143798828125,"model":"M2","center_norm":[0.475,0.34074074074074073],"area_cm2":412.92881055809994},{"ts":"2026-01-30T08:13:04.039+00:00","cls":"Mancha","area":5225.0,"relative_area":0.00251977237654321,"confidence":0.57763671875,"model":"M2","center_norm":[0.6328125,0.7763888888888889],"area_cm2":217.8218933656347},{"ts":"2026-01-30T08:13:04.039+00:00","cls":"No Plancha","area":168527.0,"relative_area":0.08127266589506173,"confidence":0.81591796875,"model":"M1","center_norm":[0.49635416666666665,0.055092592592592596],"area_cm2":4496.8434382575},{"ts":"2026-01-30T08:13:04.039+00:00","cls":"Extremo","area":355405.0,"relative_area":0.17139515817901235,"confidence":0.93505859375,"model":"M1","center_norm":[0.86640625,0.537962962962963],"area_cm2":10834.639508866572},{"ts":"2026-01-30T08:13:04.039+00:00","cls":"Extremo","area":872703.0,"relative_area":0.4208637152777778,"confidence":0.95654296875,"model":"M1","center_norm":[0.23541666666666666,0.5324074074074074],"area_cm2":26453.837538998087}]}